Latency,Arrival Time
0.047010390463421835,0.09616501490581614
0.06548064323319107,0.09767670774381187
0.06459247372887372,0.11460258208604082
0.04735313397038102,0.11643860731496622
0.08232506857022857,0.1223724081672381
0.06320128220483917,0.12563662040406828
0.08224549403176828,0.1308206505846628
0.11870575371229534,0.13270662561511345
0.056750133261065,0.13456854111624228
0.11127291404421329,0.13726996049756277
0.11367885290607892,0.14226388218428904
0.09423794261377423,0.14351614667956658
0.09857954037413176,0.14481053371944275
0.10392101022620254,0.14663393917896994
0.0888161271540299,0.15117792360771048
0.055822148030471946,0.15419616866681865
0.1519842700256474,0.1548090643448177
0.0444922028203672,0.16249895236738382
0.04690877375895658,0.16323148008891708
0.13939936288054083,0.16338611108242712
0.08689128646959539,0.16669675670936845
0.04833719999054353,0.16772089032501517
0.06224096901078188,0.17012630628504444
0.13189726833065302,0.1718354032975298
0.09555975871097992,0.1743646762032906
0.08101146567704458,0.17563191067560607
0.12726628912664167,0.17997912505839142
0.10877963675705833,0.1862840827199233
0.04753105065572688,0.18854743679268876
0.09677579426752271,0.18991359890826734
0.09966330439291318,0.19017544309766407
0.0828739136061818,0.190452782987665
0.1633508272569958,0.19068310361572427
0.1732900608070425,0.1921379268354245
0.04772370998506151,0.19261929124089333
0.11754830510843443,0.19447081360501625
0.16590738728103702,0.19588941560873624
0.048543640727327114,0.1960083981194246
0.10259881799229773,0.19670402453149344
0.14638008697506932,0.19762245739472184
0.06526341150215678,0.19776821703752073
0.19754835833889028,0.19848350615547963
0.04740414974347834,0.19908446273147476
0.08808726733357473,0.20083718775613324
0.04668586194648883,0.20101566302795384
0.1835744727645984,0.20116258029672462
0.12724055892869313,0.20184529394349762
0.16392638991996547,0.20195939200389362
0.18115644516672616,0.20399984558178375
0.10375534351492487,0.20510899603471777
0.18671244748447105,0.2069661996175553
0.18755830158667064,0.2071339709409288
0.17717725953839347,0.2073356156807479
0.08322247787588231,0.20819502915762453
0.169150950215358,0.209266045299646
0.1196183582421231,0.21034773269561258
0.09815749327947124,0.21050466585242936
0.08280515936221841,0.21076861333019462
0.06707712615475545,0.21086662785540272
0.10603955400134912,0.21281325247606137
0.08195826487368538,0.2131228087466008
0.1552420139417804,0.21458146662485955
0.12324149327670797,0.21679060631572358
0.18246421274365793,0.2168886208409317
0.12076127950151408,0.21821815731169056
0.12447282742400925,0.2198990896977956
0.15320498843255956,0.22014549907583872
0.12860287294189404,0.22121764589994508
0.18725780841197912,0.22161271301307012
0.10478782921533038,0.2221026142058929
0.19661250835824903,0.22311393109255645
0.08418126016170976,0.22381117646165163
0.06715383571519096,0.22455468306358364
0.1573369475701029,0.22793649137289884
0.09070086501478292,0.22837924709260995
0.11175612604687314,0.22940926253925156
0.22057001813373997,0.22977964913399532
0.2166081811666885,0.22988545161148558
0.22535439719242542,0.23274231229125655
0.10626172447680154,0.23339266034102862
0.11065080875032834,0.23347283574459832
0.07731724522315148,0.2341959018913524
0.2254950095691865,0.23471430809010946
0.19077379696451294,0.23532370419131815
0.08089161463702643,0.23708430507002062
0.17387854264717054,0.23718231959522873
0.044760372029920364,0.23737305887559917
0.13075818633843567,0.23794556556878227
0.05654729835829464,0.23862130819658467
0.08984240980731939,0.2403084492710805
0.04825839295347567,0.24049024965474594
0.1301057311192772,0.24124737896884973
0.236799296675835,0.2418596633862179
0.14082392256373932,0.242399430507576
0.14340782776135802,0.24279007369141042
0.04718021846475268,0.24293583333420932
0.056861436755842126,0.2439176562932266
0.1365400200104254,0.2441951086786841
0.21723266326867863,0.24433341756540222
0.1338362273939397,0.24482877692074043
0.1332018401500607,0.24522919860250092
0.09410412635623952,0.24580170473905869
0.09081174334958075,0.2459055972934378
0.21059580769090405,0.2462376198540026
0.21583775326066187,0.2474087390797842
0.247765154444062,0.24804778369164437
0.0660613752698033,0.24820962907500208
0.1573804540559064,0.24870699979858388
0.16370432389524608,0.24942694207439953
0.048146976024584204,0.24965625984792367
0.24643881379709087,0.24969205565274372
0.09881637081743902,0.2506008194011663
0.24927354672591123,0.25181545765957575
0.11160417675769238,0.2523293712963253
0.20741411299542956,0.2529568560004607
0.11476517921676474,0.2530513585803332
0.1646252625856719,0.2530871543851532
0.2423663178871607,0.25402229744488664
0.09041567879512291,0.2547954646625349
0.060261550265353375,0.25489347918774297
0.17496572672824853,0.2549914937129511
0.16587662384179153,0.2550895082381592
0.17391426583572678,0.2558873829756453
0.14771160757722782,0.2581283760796348
0.1942961552144172,0.2591622772281688
0.047527946467344345,0.2594374918271701
0.05699033812358628,0.25975684239571084
0.11564641794413402,0.26005270114491447
0.14727602980175974,0.2601507156701226
0.23489005901281207,0.26159862351727226
0.11872720124987715,0.2628351897118116
0.13744083330177218,0.2629884548506019
0.07956261324297317,0.26311615637882935
0.15610276762626196,0.2640020206275656
0.11190760897118793,0.2643497005825771
0.2410509956390784,0.26446477262654283
0.06033902590918419,0.26581563596603364
0.19090767891209837,0.26762611992520935
0.08560675937790094,0.26791763921080713
0.1899807474920825,0.2682762214329651
0.21682257689955858,0.2709432206631292
0.15602564236995742,0.2710870894249179
0.2133165134677728,0.2712909461238418
0.06049073396835772,0.2716016814150993
0.2609586011194637,0.2717989548804603
0.07135487297332427,0.2719850807674513
0.0735193910974262,0.2725226674493616
0.08819370616594613,0.27363191593836117
0.09259994376813357,0.27431703150096404
0.12247071438056709,0.2745699450360313
0.18903654643293005,0.2747157046788302
0.23730179929662232,0.276196722373627
0.26074932444587984,0.27674466273395043
0.10387564180305026,0.27732277535174077
0.04696861499979932,0.2779559581101656
0.06035944306757218,0.27805397263537374
0.046056869007483126,0.27839764882155277
0.19465607910749494,0.27865457919761083
0.0672456163434304,0.2788148038410658
0.27060260978771544,0.27900613372498445
0.26851258696732655,0.27918055712990164
0.08813853228102411,0.27968682415516155
0.05487246516758154,0.27992777958756876
0.1604903911322816,0.28092858676368954
0.19241788843801896,0.28130116316520315
0.20828072687963312,0.2813369589700232
0.11864126029547892,0.2816440633585521
0.19025316051824379,0.28172901395924066
0.09543384351145942,0.28237785871333815
0.16520871224922504,0.28265459676450294
0.1085859051464094,0.28301484489337747
0.2079829433295562,0.2830506406981975
0.22565100599097648,0.28313983833913026
0.10711137691169978,0.2834947729803485
0.10249616650027712,0.2835311581908999
0.26264220165954305,0.2841359086076691
0.22820622029199056,0.28440015585511347
0.24199548209689234,0.2845945190531336
0.08170280281438275,0.28519832072802065
0.06314806290573513,0.2853027395234231
0.08993025837047361,0.2855555459481852
0.16196200713300712,0.28570339543705625
0.17565237868887168,0.2865254886421879
0.08784904508946675,0.28672118873537406
0.09244553306371647,0.28707909494997474
0.21945860719712396,0.28717568961034173
0.17860606349184777,0.28756922510689603
0.06830202380471898,0.2877149847496949
0.14390391282203724,0.2882095860504733
0.16324578747932447,0.28879499213279747
0.12977627893610627,0.2899895997971856
0.09368300417810199,0.2907509242083515
0.1698871752721155,0.2917263993189953
0.06753128943863426,0.29177727064819403
0.19940491191316984,0.2920760156607181
0.2300472985872917,0.2922996502698797
0.1778088401668732,0.2924954345155524
0.25838334231130317,0.2928321795669095
0.1717523924280045,0.293270248600351
0.26073862298918943,0.2937081215635809
0.16028229621629553,0.2938433781162769
0.060312269861971024,0.29437346412687154
0.2566425273829162,0.29453660741398136
0.11771825279343187,0.2957801089893612
0.04711688915914586,0.2959258686321601
0.17640308384344736,0.2965479887007623
0.2790731377109093,0.29658378450558237
0.0476776240657725,0.2967127639022796
0.1787899887202011,0.2973228857284585
0.07487333818369807,0.2982947278794477
0.20761929223577133,0.29846095530595085
0.20452120043758054,0.2987579213435569
0.1017061420460395,0.2989510279319915
0.17671297411976256,0.2998482127035769
0.047498835737506906,0.2999146741902432
0.11431256379569246,0.3005843562395538
0.13117913292581998,0.30123358309915144
0.08796950476268281,0.30133159762435957
0.2715897608324283,0.3016708620275481
0.06679585026282045,0.30214291116675757
0.1195837204128885,0.3023259141137905
0.21821458257711138,0.30334566067702917
0.06651796855517442,0.303742778802996
0.06680885065229117,0.3041159967454523
0.27584018440418406,0.30443356662436577
0.11860883076421189,0.3047527532810281
0.28517086551006054,0.30593649511721965
0.07777651166326008,0.30611031972268654
0.16998874117591775,0.306203175046477
0.22816059264062907,0.30625607936548543
0.18453707438409434,0.3066393773808407
0.30047300098893426,0.30675843145215004
0.24546395957552916,0.30679702643117124
0.22245066229675425,0.3071410835547367
0.07160990830935876,0.3073171867662815
0.16976111783727932,0.3074539907580876
0.059133679956473506,0.30755200528329574
0.0827258751541437,0.3075978873210977
0.23882802000370432,0.30802000373390953
0.13815193834875833,0.30826796733945316
0.13855499254667894,0.30851477430476104
0.06728042138658774,0.30857247608792676
0.149698860264692,0.30927828835888943
0.19848548751338477,0.3108633604203822
0.14389689357575963,0.3115148707624116
0.3117423158852128,0.31221356885498974
0.0663096098696288,0.31265057018427317
0.04708815104656677,0.3126863659890932
0.11938932631059934,0.31279632982707206
0.23354395784463347,0.31294208946987095
0.06361835323718598,0.31308784911266985
0.229852703733476,0.31340611778752325
0.13025678500808496,0.31391246059799754
0.21774332788074485,0.3141450896474741
0.13008022600048794,0.31418088545229417
0.056589181052312976,0.31469871261363097
0.1011006657103368,0.31481702539888196
0.09322790777499462,0.314852821203702
0.28047558896821795,0.31508750599903695
0.08713405161514748,0.31529653273232666
0.3151530993245968,0.315866181059295
0.19935449501530486,0.3163416665449516
0.24041072980533498,0.3165019471232255
0.1952402001224612,0.3167121959847775
0.044096278330118754,0.31702512935858684
0.2921839088951858,0.31773440814851966
0.17678626344960652,0.3181945903572978
0.2775614706983351,0.31832365325697
0.3049246671596848,0.3188424285355621
0.25217543204464293,0.31959470442038246
0.12415605358924867,0.3197139290842176
0.27971310507030905,0.3200456195923451
0.07805142448398472,0.3206875037889229
0.27991537553484847,0.3207232995937429
0.06064695406247894,0.3208332634317218
0.08413142380423594,0.321064892322123
0.07781941400238457,0.32118394639343234
0.08855928443538877,0.32156825181342974
0.06020916367953644,0.32184492200517
0.11562040887299802,0.32188071780999006
0.1621287315205018,0.3219742472806796
0.12508471748753455,0.32250909603983907
0.15353277096176457,0.32277790662905226
0.23040535066343032,0.32288072890944985
0.06194260079360692,0.3235920247498396
0.13888219393574364,0.32392727629317974
0.3054451736488432,0.324069205773284
0.19144427372110037,0.3241098396263461
0.05846069094050671,0.32414563543116615
0.32414520860875895,0.32442789776584396
0.269896637708662,0.3245196509682189
0.28455868041861115,0.3245736574086428
0.04743166998317522,0.324671671933851
0.14632121390443975,0.3248592473871817
0.27970292925732054,0.3248967348964656
0.2114465314018875,0.3251605496853569
0.06095193505832258,0.325367539378031
0.060810630087436646,0.3259909687048641
0.12375226317427135,0.3268867643798609
0.04594377200302974,0.32714690429964793
0.15618564701448528,0.327193575454791
0.10178823603799347,0.3276055339359499
0.2908268935758449,0.3278664800163538
0.1143218103042786,0.3290557669345969
0.094822291040535,0.32955041043027555
0.12865032650365224,0.32960033913286024
0.14323773911943502,0.33028349727491446
0.13105177319220415,0.33038486486418117
0.09702572446609722,0.330588890677237
0.2093948074440087,0.33082404809469595
0.14953899200858045,0.330859843899516
0.3164804706931111,0.3310039933390044
0.061637325345086647,0.33140503989968695
0.12000386257528828,0.3319889677275377
0.10116496663932151,0.3322341139094634
0.1883449393624906,0.33226990971428344
0.06317362392370035,0.3323798735522623
0.14315531737361456,0.33241566935708233
0.08684781759819471,0.3332145381866754
0.2426924850690733,0.3333602978294743
0.08967083262860423,0.3334889387831571
0.17778432441454378,0.3337489558393894
0.0474164615872541,0.3338791204767694
0.21245486340549413,0.3339365504592463
0.09954899432619485,0.33417063976236716
0.0951569016964082,0.3342686542875753
0.08197414351816379,0.33436666881278343
0.08775427020860033,0.33512384821400426
0.07537506026041862,0.3352218627392124
0.08491979209484096,0.33573886905771233
0.05506822250113741,0.33606794590266814
0.2538272493777955,0.3363696211682168
0.2628059543228661,0.33678673986708346
0.09116248225365506,0.3377046378822166
0.1498989117221034,0.33841451079237705
0.11943653667300277,0.33854228431140926
0.06288197670936013,0.3395117429146951
0.08275476667947473,0.3397755577035864
0.08564140244012597,0.3398815849249956
0.18408706350071716,0.34004476890679003
0.09948027602251672,0.340143582247726
0.216769856234116,0.34024159677293414
0.15534242479137172,0.3402773925777542
0.12110362950800058,0.34031318838257424
0.28074643080131434,0.3403489841873943
0.19753586286911426,0.34150878314106986
0.22528378172263086,0.34162369755409994
0.04751983086505823,0.3419274144536813
0.1116817981795695,0.3425685500810019
0.3412638213039645,0.34260434588582195
0.21768049578350784,0.34272337084529886
0.24353777496320864,0.34341353053170154
0.17528163545136546,0.34376314687342435
0.29877341624642706,0.34383005374448716
0.30956408297717486,0.34402796019970705
0.046028135580139184,0.3441259747249152
0.13868991279514448,0.3443183480005747
0.05591419773662437,0.3448908576653965
0.06274388103493461,0.3453051634970924
0.1188253804347589,0.3457911550398869
0.2383370442238928,0.3463278647323239
0.047102690628464616,0.34642587925753204
0.06032755713229726,0.3466498596501188
0.06605931079662247,0.34703684745694313
0.1184914578973284,0.34731688469909233
0.046495475751374915,0.34741489922430047
0.08137977463543972,0.34789208879267103
0.06130437324080629,0.3480881178430873
0.11222754760752238,0.34818613236829543
0.04556979333608663,0.3484383581346822
0.11920812744219131,0.3486343871850985
0.13184018853410537,0.3487057525508341
0.06352120182902138,0.34890916348735707
0.2559598286868741,0.34901086195944536
0.11652483188540419,0.34929019858043936
0.04564859401859411,0.3498028369688033
0.22850934454067864,0.3498574997995582
0.0634039178417875,0.34990085149401146
0.24927214811749746,0.3499366472988315
0.22259799422123994,0.35135283135132034
0.07901679218111696,0.35156958798230803
0.06127764646496381,0.3518499573781157
0.3183930502616829,0.3520968325089245
0.11723335845159147,0.352286978590424
0.3003846939426134,0.35232277439524406
0.18625286651840628,0.35238499311563215
0.20096468951160873,0.35271372791185296
0.1451789295995465,0.35300043358926797
0.1389468172940121,0.3539465778248166
0.15807587944247486,0.3540198810980112
0.21486619788092312,0.3541802607211045
0.14413941159685348,0.35434419467934053
0.07803502163314752,0.3544899543221394
0.2866992685461787,0.3546146993822025
0.09295181160796623,0.3547814736077372
0.0481144521385119,0.35521602345081466
0.117505784276729,0.356214634640364
0.06097913345957556,0.3565061539259618
0.29475988121486335,0.35702015905770684
0.24159302949678166,0.357062283765799
0.17720685450542117,0.3572669870892461
0.24734145158511747,0.35734325597737826
0.12449306725797302,0.3575331379860069
0.3235827218826314,0.35801764748847603
0.09293883769047195,0.35824722965021083
0.2481717324916059,0.3582830254550309
0.3071479436914532,0.358354573534731
0.09441531112566576,0.3584525880599391
0.11223134014421746,0.35981885368343486
0.07800713380477597,0.36054711135611495
0.14333178722435286,0.3616495778666871
0.11286731114872697,0.36203880548063244
0.2918437831135477,0.3624435375271834
0.15470394334400275,0.36252127576442117
0.0886922861388108,0.362731383170431
0.11344239506284842,0.36324421257272965
0.18939446508937685,0.3634828771139642
0.09482046537076771,0.36396728350206753
0.0683765765157211,0.3640566833790087
0.05530000186891326,0.36444129725235885
0.20163255250236456,0.36463810724971774
0.1999554161801829,0.36488380297911893
0.21806651643396505,0.3651479155760839
0.20985991388247924,0.3654782432382134
0.18170320803704862,0.365827899094451
0.13006415253449638,0.36586369489927106
0.3259680127728863,0.3661069785675605
0.3259553961922733,0.36615392623554477
0.18398336586067046,0.3662527382103594
0.2382929184476888,0.3665375127212468
0.2060010572254653,0.3669844915930119
0.21005307862666933,0.36725196393544185
0.09055566720771091,0.3675784973906259
0.1971349438518832,0.36802097987481613
0.10285144061427703,0.3686084156624924
0.06211758212684243,0.36870643018770055
0.04592437604359412,0.36891471238318135
0.08599754182810893,0.36896144682124343
0.20222236515413464,0.3693689033499225
0.1994266036355089,0.36946691787513064
0.20771168828210193,0.3695649324003388
0.05885838097460577,0.3696629469255469
0.0573377749131318,0.36976096145075504
0.15965889597757224,0.3698589759759632
0.0683504686287621,0.3699569905011713
0.32414350289120103,0.37017452554523905
0.07358647092463516,0.37081745064974597
0.0441910150178228,0.3709154651749541
0.06663707583093403,0.37101347970016224
0.08847437689698684,0.3711114942253704
0.06807653588096946,0.37125472957814265
0.08279604411020924,0.37140048922094154
0.04598713538939364,0.37170878498306004
0.04608454806849899,0.37185454462585893
0.04608994738691585,0.3720003042686578
0.17438833372319568,0.3723380935416624
0.0610055851815835,0.37261557157045894
0.06743191225423517,0.37276114246316727
0.23740978508927105,0.3730873413440774
0.20084010096183624,0.37315375695403813
0.11376598753633282,0.3733712884424097
0.04740414974347834,0.3734304611316064
0.14102769716927868,0.3735035369067346
0.20283342215438768,0.3735814039756898
0.09309564995118425,0.37361719978050983
0.24568782904939293,0.37373367563591414
0.10474347975732773,0.37391153122202186
0.05569647858075827,0.37400954574723
0.13220610539886196,0.37436321460811794
0.30896559344065483,0.375066773368663
0.07373188521057361,0.37516478789387114
0.06746976139762817,0.3753035980238974
0.22893936488070257,0.3754493576666963
0.06688246364384981,0.37650983815944233
0.10388748030284817,0.37660785268465047
0.09819029020731768,0.3773500648310107
0.09666178822842458,0.3775153535362215
0.21524649088484188,0.3777078001087571
0.09843954729279508,0.37780581463396523
0.1146982425913049,0.37790382915917337
0.3278791405832052,0.3780018436843815
0.2361131309118713,0.37892841208636774
0.2899474012930358,0.3789642078911878
0.06394361213867705,0.37907880526575477
0.19643230693581656,0.3791146010705748
0.20268431840444212,0.3796085232796002
0.12050598061092704,0.3797174552202897
0.08412007327811466,0.38038313382094435
0.06082539079192434,0.38048895744439604
0.059573838362842246,0.38058697196960417
0.37326015740634977,0.3810470698790024
0.05549854490598877,0.38153837289389764
0.240445475077026,0.38161072504516935
0.10719273058865264,0.3820665559221938
0.061182801590754954,0.3821102080119383
0.08625894184836697,0.38244875359255076
0.048285755679863596,0.38255960923522203
0.2651817405633006,0.3827903644628278
0.049559413736389446,0.38473683614706605
0.060544227915071525,0.3848348506722742
0.09373592310378148,0.3850282369759284
0.14691989978066067,0.38569854100746814
0.37259599359327844,0.3861594592885736
0.08058681172556387,0.3864169454943746
0.12148133790742577,0.3871750371057825
0.19320523298444484,0.3873396452709984
0.06217817280317156,0.38754600367508385
0.14576624531096877,0.3875921412696907
0.04792236040224468,0.38837860381870987
0.07805708952895624,0.38879293860062325
0.045711738926657364,0.3894112681138608
0.09222880661492633,0.3898566814872876
0.2728248278910519,0.390771117687696
0.07569775643683663,0.39129722965263974
0.08092906838683817,0.39146215878741847
0.17668927850538063,0.3917991185490664
0.12753441005140287,0.3918385603518392
0.07617645507308074,0.39193657487704736
0.3920545398331269,0.3920545398331269
0.11907034980683068,0.392129423806291
0.3599417669014158,0.39217359390443624
0.25489005768571277,0.39296960459371044
0.061884536686139135,0.39323828109730463
0.07723857212543472,0.39333629562251277
0.12369959524939367,0.3949174343884771
0.24894067094444805,0.39500345316487906
0.0762320398095937,0.3952746542135756
0.22310140636395892,0.39560526943189406
0.369649654199297,0.3956482062050431
0.13012431489802662,0.39568400200986314
0.16170868376015968,0.3958674344222412
0.11256741157281214,0.39590715541781124
0.04587118035812687,0.3960663046177318
0.07609539839634166,0.3963971550801342
0.08551104151405714,0.3969847921929102
0.07261531219793049,0.39708280671811835
0.1021402176296689,0.3971808212433265
0.2385174456730664,0.3981667072657166
0.05884587709146427,0.3986704296490073
0.10625761523526422,0.3987448156447199
0.13910403689789902,0.39960240863338997
0.06696405086044022,0.40070948626519326
0.10983309232094318,0.40090389955237427
0.06899767477252022,0.4015533791246996
0.2342635436229843,0.4015891749295197
0.2309951312703154,0.4016991387674985
0.09498998579213924,0.40197953237806616
0.047107951110164914,0.40217556142848243
0.40202003047144175,0.4026251555831311
0.25103988524664383,0.40338565414513083
0.06078087574476393,0.40369946590445055
0.10071176115750091,0.4037974804296587
0.14984041112833235,0.40383327623447873
0.09906334303493597,0.4039139748251562
0.40375406322141216,0.40430844348592304
0.32354386343363495,0.4044064580111312
0.14673255951374448,0.4051569716501605
0.15515360295184205,0.40519276745498056
0.2965264603653721,0.4052504879006728
0.31409845407143927,0.4053027312929594
0.36043239815380695,0.4055783598246119
0.08189338439836014,0.4061291479706255
0.04431232978920746,0.40624418481979707
0.11393252134891185,0.406718382084177
0.39324569186644714,0.40771266953068197
0.1856118275206084,0.4080127541323721
0.12693557309757625,0.408158513775171
0.04422738236709933,0.4082686762000819
0.09687369943961083,0.40836669072529
0.06329813189748018,0.40846470525049816
0.060679773781242896,0.4085627197757063
0.10821922973157488,0.40866073430091443
0.24540620748407385,0.40875874882612256
0.14659968860759498,0.4088567633513307
0.08104884749631913,0.40895477787653883
0.13951003846475324,0.40905279240174697
0.24376991731552988,0.4091508069269551
0.3590909447497183,0.40974797414569963
0.04568788956388187,0.40999051040483725
0.13668600174723378,0.4103280330400693
0.0616948577009408,0.410900176079334
0.12931870359255632,0.4111616294313848
0.0882748705804195,0.41176314986402573
0.2717468061407589,0.41189509350309383
0.11411986840257732,0.4119308893079139
0.04532819814963557,0.41207873020960983
0.061576134167218466,0.41217674473481797
0.06872829388800572,0.4127131289022914
0.15073930358451448,0.4129357044657868
0.08865001699048536,0.4130046481878892
0.09431334213887355,0.413664980959393
0.1625701981705604,0.4138107406021919
0.3097153939661456,0.4145623801307452
0.07800348359186837,0.414820536874619
0.12638051988626925,0.41500814492464755
0.05892566296480839,0.4151061594498557
0.045522415079609746,0.41575127838024617
0.3792409390902809,0.4158492929054543
0.04554548717088447,0.4160302687267526
0.06811811762909531,0.4161363270727497
0.41050290019019686,0.41674177823701786
0.3472324896617945,0.4172367540821442
0.1350572337331769,0.41890028092782083
0.4090910550463861,0.4190367551418499
0.1815043125873706,0.4191846766229881
0.08566184191460463,0.4193213064977854
0.41114398501045774,0.41974606456800073
0.23894038103346724,0.4200191045029724
0.045923815859404526,0.4205676514242877
0.06696052059038882,0.4208413256836583
0.04592946892078842,0.421070687245501
0.06702060684619088,0.42136906953373016
0.06272136527936018,0.42140734661529183
0.06922368874518886,0.422390538537449
0.07878456635330555,0.4229285284261723
0.3354391254765731,0.4232902610859537
0.07563729161864441,0.42332605689077374
0.11062518000496635,0.42368715753280956
0.06581127285105992,0.42413086207672307
0.046908773758956634,0.4245642343507884
0.046908773758956634,0.42496686912706244
0.3509440230663477,0.4253726252667538
0.24842344538024375,0.4254716002985592
0.2895920690633138,0.4255087705989138
0.13265131355796744,0.425578039511568
0.26060121634556305,0.4261499062262343
0.09358130404606968,0.42624792075144247
0.05663299066658306,0.4269578359472541
0.2473330138631103,0.42742340909691334
0.15539565985490278,0.42779526912979865
0.14000300456592835,0.4278310649346187
0.06703295630955569,0.4279477063530157
0.08311228243933927,0.42888516564299256
0.04694554590254657,0.42903092528579145
0.4052537741259738,0.42917668492859035
0.07753803785925406,0.42949354523793587
0.08991378671146444,0.42963930488073476
0.12677313948842656,0.42978506452353366
0.08677086676756535,0.43012059236025874
0.08048019285078661,0.430316621410675
0.10149249519476561,0.43041463593588314
0.0478842394445137,0.430906941951029
0.38054548559597823,0.43159206702386493
0.07535898304803806,0.4316928814387794
0.19118773044119589,0.4323935986884686
0.0679275359084146,0.43249161321367674
0.07954893987456013,0.4326048575188762
0.18884970961163047,0.4327028720440843
0.06683540445747765,0.4333727121708283
0.20872892402285245,0.4341956746602617
0.29399856074765685,0.43434229749700604
0.39360929266410044,0.4343780933018261
0.13181861137079248,0.4345523171032407
0.16097401437763198,0.43545703920585127
0.0471889763256883,0.4358765830439929
0.23204786115952286,0.43602620288680943
0.2392940759902319,0.4369236503486908
0.13902931816680564,0.4371620401625801
0.12244247815315729,0.4372600546877882
0.0467558481975856,0.437857392495755
0.06572800933623285,0.43826705586955683
0.060357228417484476,0.4384181158537116
0.09621488480039675,0.44127207828123916
0.1591125945064839,0.44186229496569973
0.06332852342868328,0.44196030949090787
0.44019743599997563,0.4421579203704522
0.04620520012464868,0.44269323045237563
0.05797174783492126,0.44295965017818306
0.045625500631745364,0.44310540982098195
0.4298016091048719,0.4432034243461901
0.044990960486525955,0.4433014388713982
0.06778236812544852,0.44339945339660636
0.15726375994095693,0.44355869330747705
0.08671511741757681,0.4435944891122971
0.3720756625418889,0.44464575713687815
0.08217737184608609,0.4457330701883675
0.43383183627637645,0.44585600808330594
0.3463487652208696,0.446242948553613
0.08758496193101284,0.44637807842546773
0.3378704173165682,0.44657827537391187
0.04419655710518766,0.4466988877877925
0.13183972468041744,0.449293422541828
0.04622778106068631,0.45043883496619075
0.11157068919701912,0.45091307963359556
0.3873245414264045,0.451085206850775
0.10334526101639435,0.4512278064957266
0.07788520216677369,0.4513258210209347
0.04646951437261304,0.45142383554614285
0.045678372576394344,0.4516066448767201
0.11161349839594092,0.4517898922743436
0.06712803165755898,0.45215424970390744
0.1467703897639171,0.45263247374005
0.09624903454957223,0.45287624790805703
0.2648873649268555,0.4529742624332651
0.32549259698021626,0.4536283511343885
0.13782846112700592,0.453779368452306
0.12572225702838963,0.45418873402751425
0.08175096321928882,0.45450701302734525
0.04797514198142583,0.45465277267014415
0.04708054940856354,0.45561838609769273
0.06804937744067224,0.45658361716858803
0.045565100171719386,0.45668163169379616
0.045617288368167475,0.4567796462190043
0.2802485801228764,0.45777791147365166
0.17309493832222922,0.45792367111645055
0.0608956885815613,0.4581624859343618
0.4408884623228669,0.4594178241892887
0.08647302628876874,0.4596542231911691
0.24857639652819807,0.45999087718269394
0.07021068906821298,0.46018085871144243
0.0645730188487521,0.4605742529913889
0.26560101479783554,0.4610156199401797
0.0656130031468623,0.46105141574499975
0.046908773758956634,0.46133626598020155
0.09566123966195833,0.4615868796467206
0.19560158228070096,0.4619111069577518
0.08810057613378014,0.4621355182487
0.045603643018501894,0.4625813493612635
0.0923014239505936,0.4628251235292705
0.048020196804345994,0.4630011491424117
0.056918951890474856,0.46309916366761983
0.10227711106017867,0.46341537674779604
0.04764991864577628,0.46351339127300417
0.37862720932662075,0.4640865948759966
0.04737050259976039,0.46460029448810297
0.10993504514420821,0.46479479404219415
0.06943710785338064,0.4651198109780455
0.08040071594888998,0.4653098353400614
0.4437493586642812,0.46540784986526945
0.05449135929103133,0.46574836499318684
0.06265106685903893,0.46589412463598573
0.4290012106376507,0.46605065617650693
0.04736279458593068,0.4661486707017151
0.36381688299903486,0.46622650753147005
0.04605942551398773,0.4662623033362901
0.04596717656384969,0.4663446997521314
0.4487293072999539,0.4663959707642973
0.14659341590665248,0.4683557841719969
0.04696871595988783,0.46845465651420165
0.09108557236666986,0.4697459321505506
0.06648027523286804,0.47008954013731785
0.38160783752434474,0.4701616564403715
0.14022882714153811,0.47032861399408127
0.05934199196776829,0.47071404114831833
0.23934600079063784,0.47107588308335563
0.45955195083676226,0.4712649958523526
0.045695449047798375,0.4714107554951515
0.33923205476229673,0.471653710607351
0.046277290234214674,0.4720246471172184
0.12222832355567226,0.472660062441572
0.04511526308509062,0.47448502994239505
0.1785709547818506,0.47473162771057587
0.047832413154901554,0.47479619995687955
0.0602115816851837,0.4749973073903267
0.3638546984733969,0.4751555964457058
0.06038128562080275,0.4751913922505259
0.060365577423490024,0.476064461754153
0.11386549910719929,0.47661055853449213
0.058040822843612894,0.47671930824761904
0.08925538481134937,0.4772164752171953
0.09632815484988688,0.4776550151539135
0.045763086842775136,0.47775302967912164
0.47634769754685113,0.47829363702620165
0.08647221735214022,0.4784078007637984
0.04661409521396426,0.48092030338307257
0.046235510817588366,0.48121182266867035
0.11342674398528729,0.48225856151235996
0.24821078561626386,0.4824543180158967
0.09554673895186322,0.48249011382071677
0.09527254650463363,0.4835838116612858
0.08574602988106267,0.48377380676688
0.08162639813091971,0.48393233766473837
0.14683520522963295,0.4869426050027437
0.1296510758999611,0.4873861402122731
0.08713448118555506,0.487707031745715
0.10957413117781506,0.48780504627092314
0.046135911428739795,0.48861843280102446
0.08679352508036442,0.4895263575090304
0.04704437317955118,0.4902363728810005
0.044540723857936504,0.4904133200410604
0.11143384112774213,0.49051133456626855
0.1776670355626253,0.4905471303710886
0.05726659072843959,0.4907309070009442
0.12880899267665424,0.4910871221373248
0.10424026627272959,0.49123578913975713
0.059146769668173726,0.4919878699032063
0.11285691497963501,0.49277999449902293
0.13675634840589984,0.49378241058017336
0.06023555632015365,0.49449340892971183
0.04572640245625148,0.495741669284
0.14385867309486905,0.4960673254118823
0.10285687401629023,0.49676634815400783
0.144470706358945,0.49686436267921597
0.18284472221565595,0.49729173769877877
0.046531150997878856,0.4976828139386244
0.06623897246965194,0.4979301995616596
0.07739222494297371,0.49835782289521413
0.04566376971801045,0.5003734951648877
0.1108369897642294,0.5007917637241255
0.048864687274915,0.5011210681139643
0.05432938834619905,0.501343476230135
0.10259657071698453,0.5017517544939477
0.06716614469937765,0.5020752626361312
0.04552353125503866,0.502413333708388
0.06930476704890026,0.5025658139319517
0.061099692317082455,0.5026697221328883
0.045648860411451164,0.5031854782543078
0.2392917151047973,0.5032834927795159
0.04582515592199643,0.5033815073047241
0.068432136307922,0.5038408451885196
0.08717782975266652,0.5039271626783345
0.09342973362317203,0.5043245549406778
0.11954869762911591,0.5046148820581573
0.08059697139927108,0.5066998094323927
0.060306254831912987,0.5070296390982406
0.044788145059311724,0.5075138065798114
0.09782882824108347,0.5076143308980383
0.4632639795100763,0.5084197623397823
0.13119640692617635,0.5088719431667994
0.24634095183773297,0.5091835596767672
0.22740604203958797,0.5095438224961651
0.04706008811000578,0.509689582138964
0.4303694745466439,0.5098835465519681
0.0637866192618492,0.5109108097293671
0.09560144426247658,0.5117157489885162
0.04645033554330685,0.5118615086313152
0.10554826044436194,0.512035734806523
0.04639431165906155,0.513994318283077
0.04448039256659414,0.5147201519375334
0.04645840426019965,0.5148181664627416
0.1013475760243589,0.5156168302122953
0.08395946505046037,0.5162800139803163
0.10668145149192848,0.5163780285055244
0.06692333644517817,0.5175872956505805
0.1735521468791057,0.5177079059590939
0.3727542569327515,0.5179293898300371
0.04651923073769054,0.5192526622388471
0.09594676253672169,0.5195173355540814
0.08013782340989034,0.5199097255123356
0.05446790871729257,0.5226783089547866
0.06599459797483526,0.5229814985836482
0.5082760192429091,0.5230795131088563
0.15576665187620314,0.5238793267266865
0.12175973535877621,0.5240315658361843
0.08032410488213604,0.5241295803613923
0.04765074859726687,0.5242275948866004
0.12189945225678528,0.5249717294147646
0.07676143404119556,0.5250697439399726
0.06171392305561196,0.5252616742762968
0.0886799757567916,0.5253510151097927
0.06791106438986383,0.5261618626768286
0.09619527617451046,0.526714250757779
0.14211163057373877,0.5271855948495556
0.046980765817724035,0.52783301708999
0.04571795238517318,0.5281245363755879
0.06568980554169579,0.5293039013169403
0.0629820773590205,0.5294019158421484
0.212730097675272,0.5294512232980833
0.25631304954792633,0.5300966690110126
0.04607802962148633,0.5305813136083541
0.11713772171883269,0.5312491117135607
0.06685787886493272,0.5316819011970083
0.06264317933120372,0.5319815035801113
0.11935049656168262,0.5334670834195262
0.09609838765467149,0.5336146573697002
0.07777741056153648,0.5338915174846582
0.12264936498543544,0.5346365831135989
0.06111599323964134,0.5360538794783845
0.09584656529100422,0.5366626828973438
0.06599625592394898,0.5369067401014676
0.08224924001847123,0.5371963020837838
0.1404032172804801,0.5380390327141368
0.04775928917849448,0.5381370472393449
0.08500337361422045,0.5387422549036393
0.0657023051846859,0.5390601471164624
0.0610201800908266,0.5391581616416705
0.13744895920310196,0.539700573214217
0.08216143815932209,0.5399224746365403
0.08022388164226152,0.5400204891617484
0.07934546491891442,0.5413747646903295
0.1276423948355765,0.5420443770357921
0.06105877874785837,0.5436606994567758
0.10373327655795056,0.543932601137783
0.08819763598111374,0.5448042605448494
0.09472946110576452,0.545017801424505
0.12119837078927287,0.545115815949713
0.12806034564416252,0.5452152619058509
0.11033133057195121,0.545313276431059
0.04612119316658719,0.5459937620370128
0.08101177292238054,0.546304455087443
0.06355391055059001,0.5470274092467621
0.0465943688111814,0.5471616977486189
0.13174368685308735,0.547259712273827
0.08034353944033401,0.548416048639314
0.5345986297658907,0.5500230416066976
0.0808611525349271,0.550235559372996
0.07750339300276693,0.5507348001469823
0.15380216900622917,0.5513308990041371
0.07250190723375305,0.5514289135293452
0.05803608118335685,0.5515507972173173
0.06366152139897968,0.551963681631587
0.07560169251986171,0.5529256383623953
0.11243324718899961,0.5536341380389733
0.11547571707875437,0.5540545366437445
0.0620099695918766,0.5546328577713628
0.15065254865374833,0.5548018320657531
0.1191413198240544,0.5555815305468121
0.045771114085084386,0.5557511522820054
0.07511819792084706,0.5559471813324216
0.04646984116562858,0.5567945603480587
0.07892470806065188,0.5568925748732668
0.13690934243601327,0.5574550372510868
0.08815005670438003,0.558179967675556
0.16322185804335748,0.5582779822007641
0.1123402278075612,0.5587874924894951
0.046987858007776495,0.5591199251967988
0.19498741158996086,0.5603705002388156
0.06685114967854117,0.5604685147640237
0.06755752133487047,0.5605665292892318
0.044959262362428754,0.5607457202650146
0.04629191279110678,0.5630715776969948
0.10397579288590642,0.5632066468683783
0.11344993706079881,0.5639161804783367
0.04571238920117604,0.5641292034324471
0.07515704561056402,0.5648304790131659
0.3660884415423842,0.5656195152892709
0.07288269982517259,0.5657652749320699
0.04742267220765073,0.5661254425405225
0.046292744510881945,0.5669917539518292
0.09232423408777762,0.5671375135946282
0.13115919454422958,0.5678158121852048
0.046127967025469285,0.5682740228120553
0.04575092103927425,0.5685985107517543
0.04566451926467363,0.5688365969168526
0.045826039456474565,0.5692362032737519
0.0640460082251767,0.5694791166058887
0.13951834675384872,0.5702161621701173
0.060945448085836684,0.5703619218129162
0.3678315747449563,0.5713638693307086
0.047170985733376636,0.5713996651355286
0.04780109605252114,0.5716108662266978
0.1573331954919268,0.571766043023415
0.060527620664533655,0.5718957479130171
0.06110609678173429,0.5728146439341477
0.04410635595602763,0.5729126584593558
0.32667795030870606,0.5737983453229887
0.06708973979023758,0.5740213381402246
0.04588203235668198,0.5747405923141531
0.15389279175450482,0.5749657217287963
0.08897702535164875,0.5750637362540044
0.16926148537443253,0.5758050655695363
0.17409632628350047,0.576399220481867
0.13125870336809542,0.5766914990171176
0.07196245486995712,0.5774570684755028
0.10609396193706871,0.5775558212977447
0.15586972411852118,0.5788979475331477
0.07308701391354844,0.5791278434764874
0.04798466715786609,0.5806065594184953
0.045670514881898217,0.5808225667733412
0.07416904823710224,0.5810771761066998
0.046071384774934776,0.5814675184487007
0.04571167515637509,0.5816132780914997
0.1086871009361769,0.5827719930832528
0.04750450181234722,0.5835209862486626
0.0457801474337185,0.5838747005828058
0.08039293728891928,0.5847424608068069
0.11457511350786864,0.5853292100862755
0.14209854075788203,0.5854481027988588
0.060839929175935836,0.5854838986036789
0.04560843699286965,0.5856207293718734
0.08343168867460193,0.586041299873273
0.057991831570728625,0.5863153829026997
0.07893964059473368,0.5868325752696332
0.0809292747411493,0.5873629184247735
0.08100825363085196,0.5885939590612413
0.09390752743567837,0.5895978666975339
0.04603050555724675,0.589695881222742
0.06084843396319295,0.5901625931777708
0.06559065749698423,0.5924843610283135
0.04568499755838984,0.5927625264647466
0.08679143662942335,0.593453330667855
0.06672895178524096,0.5937684320727628
0.046774006024008385,0.5941100993891797
0.08004810796743345,0.5954139332539331
0.06732961021370365,0.5957115609845686
0.255944430171743,0.5958095755097766
0.18283820282539376,0.5959075900349847
0.11146117645759807,0.5961206809818552
0.04579114503654258,0.5977150599694416
0.09881895562355919,0.5983640224823314
0.046298265966220775,0.5992692902658517
0.11031258420728912,0.5995864771604136
0.08243934563997823,0.6000844902373977
0.07894129971178754,0.6005066205640415
0.06937738920523295,0.600774811894366
0.06935385578155429,0.6010654583817531
0.04554548717088458,0.6013906527180228
0.04652304519033568,0.6017669746312353
0.18044794116873325,0.6018265314383641
0.0881714970592199,0.6018649891564434
0.04666631907257135,0.6026103909669551
0.04555600174763008,0.6037659665588606
0.06087661338544825,0.6038639810840687
0.14429035094575848,0.6045390567568093
0.0545441228877146,0.6049777962431547
0.04644295726818948,0.6050758107683628
0.09853555655104462,0.6053131487835421
0.10092209602135427,0.6054589084263411
0.06631484597964343,0.6064318450691242
0.04414157997025148,0.6065672788073863
0.04749406694017788,0.6078521319367101
0.04600440844431275,0.6086739347539084
0.06352304517231677,0.6087719492791165
0.060306254831912987,0.6088763577535992
0.044947289696667614,0.6092519966574327
0.06559064038359064,0.6098599191646006
0.08812399110267521,0.6100862640912029
0.13227466806419796,0.610184278616411
0.07677317381698268,0.6110028235068203
0.06282863309102493,0.6115081863707676
0.06031263319110358,0.6116306197823208
0.04721683666043419,0.6130072701746614
0.04652745372711187,0.6137169317323503
0.07542552788850532,0.6144006498332136
0.08217463246434564,0.6154260500607013
0.04566329605568231,0.6157234060611932
0.291196354517624,0.6181308690699717
0.06686406432211445,0.6183595476427343
0.05437800206424781,0.6196009444446737
0.04554548717088458,0.6200688159798368
0.12452582417257496,0.6206176525477092
0.04647196169511736,0.6210412948784074
0.0675038794172389,0.6213467365835154
0.061875373050879534,0.6214996893286533
0.14391632218146555,0.6217536075970482
0.1446352376722173,0.6224228901273391
0.08409734448785122,0.6225456119710817
0.0782573500258148,0.6226436264962898
0.060306254831912987,0.6229074782801727
0.40361265751110503,0.6233007681556171
0.04591926764139509,0.6233987826808252
0.04561036088708903,0.6246312713078975
0.09972258852902094,0.6249251157320387
0.12889713082661175,0.6252166350176366
0.13695519206047274,0.6253869974848839
0.10101570498983703,0.6255081543032345
0.07516165767790561,0.6263669685570041
0.0877713226958815,0.6270765591446836
0.04554548717088458,0.627314756595737
0.045800632755275905,0.6276062758813349
0.09576589155565407,0.6277520355241338
0.06293290009206487,0.6283145587741215
0.04708918731576495,0.6295610413582721
0.08909454942633632,0.6300241264486159
0.090932735364044,0.630554327054836
0.10078533955607305,0.6307584912322142
0.1009242549757342,0.6314586501649119
0.06057152951370581,0.63155666469012
0.09879431737681199,0.6319601871183924
0.06061456938628784,0.6320582016436005
0.04589114601530708,0.6321562161688086
0.11074300230385781,0.6325646106377991
0.04619359913553789,0.6328353827687603
0.16799732742009815,0.6332435959072713
0.061692347980471185,0.6335237043365287
0.10115634515971095,0.6338853417691387
0.08326013773696361,0.6340186482175012
0.047268109084852905,0.6346770587540379
0.08264396328421397,0.6351324264264215
0.18854063255089087,0.6353118349182655
0.06655468678114451,0.6365868460286542
0.04699893638209929,0.6366848605538623
0.08802491104249666,0.6379848165026373
0.05625726649173368,0.6381789012225415
0.09020776814352238,0.6391918292543958
0.08725398881648772,0.6394519451910835
0.08146562006249292,0.6398051535217782
0.1323204038429493,0.6402743612726496
0.04567446827297117,0.6406256890395682
0.045761901497736956,0.6409611574377299
0.08650983214081176,0.6414209360144919
0.06774689107397402,0.6415189505397
0.1403770764003862,0.6416169650649081
0.07372382789144671,0.6420143265242217
0.16630913457759627,0.6421756007962369
0.047460757862990643,0.6423334075911428
0.04557219274237423,0.6425089811258907
0.12829331893043572,0.6427098192550971
0.08321957473658714,0.643071685564188
0.04554548717088458,0.6443178643781676
0.09303903189553209,0.6445062741737031
0.06309137855707525,0.6454913552869231
0.07199219189877815,0.6455893698121312
0.0939231285697415,0.6460800749850976
0.16931774973722857,0.647384934352205
0.055030978372754946,0.6475297515835196
0.08992844822526935,0.6479743398642741
0.04678819310006954,0.6497816492862837
0.0875250966778146,0.6507725983321477
0.07625084358885004,0.6518657053676822
0.045770398450362015,0.6521710960316737
0.04559863376566631,0.6532488768640966
0.1590034845511747,0.6534722945208569
0.0834822586134274,0.6536180541636558
0.060306254831912987,0.6542420541545018
0.06695351486826917,0.6548820881849622
0.046069739323629344,0.6554149917026586
0.06716402620986339,0.6556261808970765
0.061669541419985374,0.6557958202610961
0.0987098769189243,0.6558938347863041
0.08997422873114491,0.6560946880657823
0.06082571647037127,0.6582046058463877
0.05810459021726622,0.6590839565828738
0.06616947523210581,0.6593806800633805
0.06142744651708065,0.6598361247267286
0.08222125630364463,0.6601513866066528
0.12536100817500306,0.6604894069886262
0.08502365655009247,0.6615789636934915
0.06658139235263416,0.6621161166907887
0.0657765561260486,0.6628237701168082
0.04544839601850825,0.6639349473105474
0.07136641199586424,0.6653601008935252
0.045805668190755267,0.6658356447912597
0.04420182855846444,0.666122626622115
0.04581142945563865,0.666220641147323
0.09562345208099587,0.6663900419119119
0.06087956091886115,0.6665878983419153
0.045778335617852606,0.667934906880841
0.09695276886204318,0.6683106160734112
0.06741459594362298,0.6687630122205904
0.045608035416881854,0.6689383595371625
0.058349407834401235,0.6692298788227604
0.046257658735741836,0.6697695851733291
0.05915850861057659,0.6703041201924893
0.07857491033037589,0.6709655772612293
0.07787437167101519,0.672018095047495
0.04578693745807105,0.6723148517168595
0.04462645250286523,0.6724164667855823
0.0808933646413541,0.6731401700913365
0.09442654244790971,0.673631380656232
0.055280520215291284,0.6737769486013002
0.057990259558092117,0.6742266714757756
0.06751339941173318,0.6746152982525482
0.0604941796344598,0.6757967628304078
0.045674834921526464,0.6760882821160057
0.08059478095615691,0.6761862966412138
0.08849406325240794,0.6762843111664218
0.0999336042671336,0.6763823256916299
0.06560118426198547,0.676480340216838
0.06300230405297902,0.6769087975882202
0.06141571370046672,0.6778231085983376
0.06585675524324108,0.6779211231235457
0.07516734744303821,0.6780191376487538
0.06336933257540411,0.6781171521739618
0.06389502347740772,0.6782796958057337
0.06543267713117151,0.6785055939648315
0.04649607948631462,0.6790495478164073
0.06059003753280656,0.6794360207003114
0.04595866562627837,0.6795817803431103
0.09961425450528782,0.6805329877274402
0.04554548717088458,0.6809948761620621
0.0970968779576532,0.68123148621635
0.04582659590686755,0.6815034640441774
0.06944025078757177,0.6817931097064293
0.06459893305617403,0.6818316123404514
0.04653792415827229,0.6825727467324785
0.07845951242647031,0.6828147286131787
0.0812254350813022,0.6830574386075356
0.06041239700026979,0.683182854205133
0.06057901166669066,0.6835175248808844
0.04566725149647566,0.6837389952480893
0.08634997749039375,0.6843673825761778
0.08795837518432958,0.6845131422189767
0.06622603740158839,0.6854748573412961
0.09006261812124572,0.686429814858351
0.16495640280406876,0.686527829383559
0.06916216955900734,0.6875497605862063
0.06999619417055636,0.6878029577328391
0.04610737989482816,0.687948717375638
0.04799864801217668,0.6883859963040349
0.046260953586584,0.6888495338266831
0.06082763996191276,0.6892780513883685
0.08155362214905526,0.6893760659135766
0.04605097971167682,0.6894740804387847
0.10164686331509443,0.6900933187902214
0.046179406898983255,0.6901913333154295
0.06559064038359064,0.690363690777609
0.06971117045862363,0.690461705302817
0.12034321262666503,0.6905520952571
0.08388836220869167,0.6906330251407901
0.04616070162747843,0.690914832782542
0.07557481826951151,0.6911843803393156
0.04697036711377012,0.6924587667967368
0.06278368696332903,0.6932329165085828
0.08298240637022392,0.6948749892409407
0.09516430788877694,0.696314832339816
0.04684859485587045,0.6969246863831856
0.06793185028062887,0.6970227009083937
0.0855823824533174,0.6971596796256517
0.06662603787692756,0.6973348291256161
0.06274249051628111,0.6979735142510718
0.060466845587407114,0.6987794077359212
0.06090088731374643,0.6995611934579024
0.08316744566447154,0.6998917472699246
0.0841171061954894,0.7004103455394303
0.06334745908592221,0.7006859738724509
0.12825475469448033,0.7015912582704054
0.06621433345439764,0.7016892727956134
0.10290702077523095,0.7017872873208215
0.0682428562382783,0.7023669040116384
0.045591875657795544,0.7034689530457737
0.09026000515633792,0.7037903441517829
0.0459420631660874,0.7039845831122858
0.11409765082153489,0.7053367442433627
0.04567448701105992,0.7054867836296392
0.04557219274237423,0.7056325432724382
0.06713835082232877,0.7057305577976463
0.07146523426857843,0.7058285723228543
0.09891699143836952,0.7059265868480624
0.047466451360559936,0.7060246013732705
0.07444589872546137,0.7063358471102857
0.045680301062845374,0.7066839186099012
0.080382291818058,0.7067819331351093
0.08689941120194,0.7083748784147021
0.04666379970844681,0.708629590268533
0.06683104759098712,0.7092494362714958
0.04594018363215768,0.7105398480812385
0.1599208561120885,0.7113022186855814
0.060325039404024894,0.7122413564294434
0.06862878751548895,0.7125660797302651
0.08048997210499997,0.7128684742474919
0.045908779314198456,0.7130142338902908
0.08845363415180296,0.7133724138401305
0.09971852373000745,0.7135417535322272
0.06035597044819785,0.7136187969519762
0.061847992382269124,0.7137827712335971
0.06688366987770467,0.7153069957161189
0.0463489503243657,0.716046612127527
0.04564998446847757,0.7162211892629518
0.07940722610160733,0.7165535397345105
0.0697595102817532,0.7175026402516875
0.04598943412765655,0.7180929645641606
0.06569028418784251,0.71870770724457
0.08424550813729603,0.7198095018466648
0.06739479714537755,0.7199484317510845
0.047627704896537226,0.7216257410987456
0.045597406589266254,0.7217967145884365
0.10961909518724466,0.7223328904804006
0.046108368634338315,0.7224786501231996
0.061436550937306156,0.7226940364476321
0.07302578491721823,0.7227920509728402
0.0806461101853011,0.7228736923206818
0.046039558735750385,0.7229094881255018
0.04407028658930112,0.7229880800232563
0.06657342125732979,0.7233219581287699
0.06880638250218296,0.723679545565797
0.06097796259061272,0.7241811197595704
0.04604086315540634,0.7242926279586747
0.06665564272937763,0.7257525533438928
0.0454246767158627,0.7258018625786783
0.11904990268828286,0.7271867739465757
0.05842409101963231,0.7285488940630622
0.061127468881360336,0.7286769652525436
0.0470835158389572,0.7289193230585089
0.04575036381381736,0.7292108423441068
0.045810940272195566,0.7293566019869058
0.1347943409323471,0.7295289358923668
0.060498029390246955,0.729884862563765
0.0797285470222232,0.7307314243213118
0.10665547850412682,0.7308585951643923
0.04554548717088458,0.7309427482640374
0.06302062715499257,0.7315934285964459
0.04644783093656535,0.7319259213160606
0.0451101796178327,0.7323264195243924
0.04418134546729113,0.732564527667011
0.11027995886766817,0.7327884326489339
0.06072269454242729,0.733382099828999
0.060306254831912987,0.7342931321069679
0.04647656224407326,0.7359074297656514
0.07547969677219946,0.7360054442908595
0.08912063034879492,0.7361529640459564
0.0630395452752256,0.7362197943542196
0.0464934866308383,0.7371852556851938
0.045671808538943925,0.7374306311245624
0.06099596525941775,0.738438965563872
0.06041147849435313,0.7386770737064906
0.045704818226592,0.7393237463060967
0.04547475793868083,0.7400449090891551
0.0603049886737117,0.7422985190793732
0.044085109430435865,0.7427985068477264
0.07780671293162145,0.7429201279132847
0.04424818221769056,0.7430795249144448
0.046262891163794784,0.7431921891535443
0.058970056928760894,0.7432902036787524
0.04428885152554374,0.743402321080862
0.04573457955210103,0.7435003356060701
0.10255019469934445,0.7436556584742724
0.06578450861899388,0.7440538077579879
0.0854903790629924,0.7445602389965232
0.06703463400027498,0.7453360790126293
0.045846132026120534,0.745437366954318
0.06582854573174124,0.7458220666036073
0.06747050776393149,0.7464291535817013
0.045646788755798307,0.7468080329325489
0.05958733364313451,0.7481576905417331
0.07508819411427115,0.7482557050669412
0.06464615035693844,0.7483537195921492
0.13843302345839636,0.7484215820614797
0.04587354011959832,0.7484573778662997
0.060306254831912987,0.7486666189971788
0.06619428017133999,0.7487711984032025
0.04557219274237423,0.7490543444135438
0.06574300990222914,0.7490901402183638
0.045838669964717194,0.7496164082295244
0.08051642890208988,0.7513111850654663
0.04448103040823381,0.7523059540563556
0.0441869691164789,0.7524262822004805
0.06616163243086604,0.7526611206473514
0.07903647884210097,0.7527321479364263
0.12633323041794675,0.7532216490352309
0.045578863395029034,0.753257444840051
0.05673625156718609,0.7534023523811356
0.06034605187521702,0.7538061288401083
0.10493062028202582,0.7549607446467924
0.05474068764374984,0.7563484161306436
0.06040800579513572,0.758462622223021
0.04554548717088458,0.759075719032426
0.04571309294219217,0.7593815306657377
0.14798721148507588,0.759612453154971
0.04585064249220172,0.7598057400583641
0.07581012129918774,0.7603452295147849
0.09456946543389877,0.7610812471851026
0.044092700058170564,0.7621726318536088
0.09320134304226524,0.7622706463788169
0.06313855531572532,0.763149489170468
0.044085109430435865,0.7633532428591658
0.06073207648405787,0.7636693524317733
0.08166442191346845,0.7637757402322379
0.0761040003527843,0.7645420415596677
0.12297630567156648,0.765401294851279
0.06265975765756027,0.7667606567390076
0.061683128963530676,0.7669046660075836
0.0749984825078045,0.7670026805327916
0.04576807379760983,0.7676460240086812
0.05934133420210086,0.7678015610434548
0.04638108168429933,0.7686006725934053
0.046127591094554554,0.7693292457216925
0.07557769215797006,0.7694750053644914
0.1523755202714313,0.7696690805324682
0.07992117332078297,0.7699067940023373
0.06797493914914665,0.7700048085275454
0.06102808502945367,0.7701028230527535
0.06664906259758252,0.7702133709746424
0.0464101019497547,0.7703129145718719
0.04547350557129082,0.7709107020967283
0.05396237286489325,0.7710087166219364
0.045812811243705176,0.7712970802408582
0.16589014032002758,0.771361010941354
0.06611389624441033,0.7714753923494817
0.07519410574016461,0.7715111881543018
0.04465644440513716,0.7722038808587983
0.06139884393854167,0.77252281976579
0.046923201563436434,0.7727938487047193
0.044772050556746934,0.7734630405576538
0.04446630158542597,0.7739632867839532
0.06652121119507459,0.7741142141548571
0.06872598025304755,0.7752119396326071
0.10863651811604169,0.7771262826079816
0.06100449075023906,0.7772335445176468
0.07958938522581882,0.777443681628259
0.06349732530967134,0.7778766322684602
0.12359812938936376,0.7781663094387418
0.045997914714083765,0.7788338021099136
0.044219753275220874,0.7789676506910632
0.045933149555409614,0.7795296443140346
0.07444140299200153,0.7796984904985327
0.04745499543201581,0.7797342863033527
0.04577577219953022,0.7801743305154176
0.1163746250455876,0.7803396261258534
0.09806988529991234,0.7808618423074155
0.057975119304439215,0.7811515974635307
0.04638926425211487,0.7818319424361821
0.0789368853379907,0.7831734168171041
0.08770333229993788,0.7833748440787761
0.060332960403402636,0.7835071998972326
0.04693254050886175,0.7843067072694472
0.07842246745875359,0.7844047217946553
0.08420969101509679,0.7844405175994753
0.08562608101158709,0.7857193716613974
0.06041049366878781,0.7877779092739319
0.045567236259922206,0.7885279228194803
0.045646656068792923,0.7886736824622792
0.04595062437499242,0.7891705147415038
0.09668506910404773,0.7909969449537715
0.06325760938703462,0.7914954348867064
0.04600530519087631,0.7915934494119145
0.04406905036866504,0.7916914639371225
0.04624409157375964,0.792335431401394
0.06248696273674903,0.7924841941615757
0.04580519381368253,0.7927141921155012
0.04505743089421199,0.7928657015563142
0.080628097076336,0.7929637160815223
0.12214283442906915,0.7932483710927154
0.0806610529771109,0.7933941307355143
0.1255383272712587,0.794723350399078
0.09569710900508221,0.795035184681896
0.05890208955581333,0.7953075988924202
0.11215683097466378,0.7954112385393022
0.045621288339455446,0.7963765083510355
0.04742317797830797,0.7964745228762435
0.07745440556739036,0.7967887391476267
0.07200027220053817,0.7968867536728348
0.1027632597858602,0.79738173577544
0.07292712815591607,0.7981893821494866
0.045443716878382445,0.7982873966746947
0.04576822179279039,0.7983854111999028
0.08030220358014084,0.7985087800746231
0.13081487424309568,0.800176132991108
0.06556393481210099,0.8005655301440376
0.04573760965352003,0.8014372828855993
0.04608862439740269,0.8020994741834268
0.06726239262016431,0.8023736868784243
0.06492877263880081,0.8024717014036323
0.046907478831933136,0.8035805199157846
0.0447721901597119,0.8038242940837916
0.12527694413926704,0.8039223086089997
0.045762987347277684,0.8040203231342078
0.10773978018237451,0.8060152016447918
0.045624615019135284,0.806124133836105
0.06275038030256586,0.8070045588329204
0.045909282394688056,0.8071503184757194
0.07886432473268068,0.8074852062227518
0.047299763193239475,0.8079974639297692
0.09869282717423034,0.8084273163893874
0.0480239047404023,0.809612851694038
0.08236947449590759,0.8107108275980147
0.046813862906308845,0.811271792268056
0.047003656939689,0.8132513167556612
0.08039477415010676,0.8138021431604451
0.08035898614041592,0.8146660218302073
0.06072570103442432,0.81501885495938
0.10186633097332931,0.8155052695722514
0.04563634879251388,0.8156032840974595
0.044085109430435865,0.8169676324976521
0.06812823039182503,0.8171908527214152
0.15620533514072898,0.8175459430594554
0.08036836512592527,0.8177485771666516
0.04686873988030016,0.8183089561667916
0.06731551931809154,0.8186004754523895
0.07449618439460204,0.8188608758689447
0.04618389630243824,0.8208197877912319
0.045800292856461144,0.8211936475481177
0.04548036342211825,0.8215641225017357
0.07964985665250424,0.8219033183016528
0.07515584889053628,0.8224436079064622
0.04568336382461813,0.8228450275172194
0.10303657667148469,0.8239483561819101
0.04692511712987313,0.8249397864277672
0.08140252996106823,0.8250855460705662
0.04571940058383084,0.8253770653561641
0.07529955327414162,0.8262496285256018
0.06629772846058513,0.8264397755422832
0.045619697212559096,0.8265377900674913
0.06557526373207778,0.826685916821823
0.045669154061776185,0.8273461860892047
0.04566032465740355,0.8276377053748026
0.046826732688580064,0.8293245056149036
0.04602982146290624,0.8299278939782345
0.0546350913833199,0.8304023058318624
0.17034542419396626,0.8304530655967374
0.045602717439679696,0.8308312694674386
0.04705359274472143,0.8315550536233807
0.06254608817882723,0.832491632451566
0.06878124421146414,0.8329676628059268
0.13183905874689883,0.8332206585798725
0.07516458628887124,0.8333186731050806
0.11233552916184364,0.8339859193264957
0.04645143855855882,0.8341696413637892
0.060306254831912987,0.8345446062331444
0.045900455206742685,0.835786236095348
0.05888481469667939,0.8358884867127563
0.06614280828950425,0.836270777523532
0.0460736467126549,0.8364334497084276
0.04579992954016976,0.8367068369396556
0.08253404517557184,0.8373656993743481
0.0628955514722398,0.8390332408744002
0.06812526852908851,0.8394639154198504
0.046599112685427935,0.8409469817272509
0.04569260930468433,0.84121315793236
0.04547642962352494,0.8429779122350255
0.07499394537861004,0.8443500872836491
0.078742572127256,0.8446949155735451
0.0464031819305597,0.8455615124311615
0.060306254831912987,0.8457110911997763
0.04629902939662911,0.8462972695806541
0.06613740122784073,0.8470731144448232
0.046346714459610916,0.8477126089105719
0.04592818346326932,0.8482143592742659
0.04563368916680788,0.8489447401225326
0.04567408121198213,0.8491923882349395
0.08986080717393796,0.8496335553598493
0.045965614749693184,0.8497315698850574
0.04634244430100132,0.8507238880081961
0.06037414491743087,0.8508857855417614
0.06038050280275653,0.8511773048273593
0.10237567315537976,0.8512753193525674
0.08128907185875911,0.8520396712771038
0.08659470815213799,0.8524400673206187
0.19995670282361788,0.8533882990149904
0.044163471927226694,0.8542287453465794
0.04558316520749328,0.8543267598717875
0.04557219274237423,0.8544629522881879
0.0633283080909065,0.8546087119309869
0.04593894492461437,0.85485085556063
0.04621255903623722,0.8552912956253056
0.08848071458452655,0.8558102222560907
0.12187679061982959,0.8559800018342889
0.04561864608173771,0.8563276155558984
0.07512926341796167,0.8570134810540605
0.04562323632696952,0.8573522911028822
0.04557219274237423,0.8574980507456812
0.08149967496855082,0.8577046964024188
0.061734241765788345,0.8608059090016542
0.0637862562454431,0.8610333588186765
0.045708536059207105,0.8611313733438846
0.10969920533784949,0.8612293878690926
0.04422086151151683,0.8613274023943007
0.08182568766663001,0.8616222343375765
0.04621432439979967,0.8619395731288002
0.04557219274237423,0.8620853327715992
0.06467961327894789,0.8622310924143981
0.10242282778563283,0.8623476470628216
0.08989935526517545,0.8628293672924954
0.04596362023281486,0.8631938210268029
0.04557219274237423,0.8633395806696018
0.0456517241153237,0.8634853403124008
0.08621250553755555,0.8636310999551997
0.046666736477511295,0.8645452474812092
0.0759749430023744,0.8647181512665884
0.08076026646630874,0.8654364271470961
0.04478864415100525,0.8655344416723042
0.08114975360018561,0.8665596993543264
0.06408470650713538,0.8668429271629007
0.11923880634735251,0.8668787229677207
0.06050259755779719,0.8675775014724927
0.08206517623906595,0.8679238512070505
0.04762508206055016,0.8691432822456652
0.04603472765693917,0.8692890418884641
0.0900002553682584,0.8695136086964503
0.046043762568268365,0.8698644190235533
0.04708857107764275,0.870141125071549
0.04728188713242465,0.8718761379867949
0.09904119544220469,0.8720835202982009
0.04739939514755298,0.8725658879943129
0.06264317933120356,0.8733062536449081
0.126693037595499,0.8741886770803291
0.10125154732231234,0.8744624474442679
0.04557974626622929,0.8750153917976061
0.0459204693863029,0.8758147841356811
0.06614066761893589,0.8760055301446662
0.045618957775258484,0.8760696128087714
0.04708491777758883,0.8766003395235057
0.04572691949872587,0.8788014461428645
0.08126935751102993,0.879277315637686
0.07518910832645953,0.8794517747850366
0.0951223298838233,0.8796425767436359
0.0675313950444909,0.8797578478680945
0.07892280719183575,0.8797936436729146
0.07910723973325162,0.8801111651123323
0.06957379560527965,0.8803429544509235
0.0694520288553594,0.8806158171952402
0.047338818677159056,0.8807138317204483
0.06694085745910605,0.8807584486018871
0.060702826074489624,0.8808203572319645
0.10675342422190848,0.8811084194810617
0.047222896252513524,0.8824710607421038
0.12480388703525092,0.8831967044451975
0.04625261746621245,0.883297245108741
0.054499332818141455,0.8842128615016231
0.060380041940170104,0.8843679188426785
0.047122928657012286,0.884993740666178
0.045852396320863464,0.8854197038874662
0.06668567674840142,0.8858044911300353
0.04705315070730687,0.8870464214951977
0.047032570482822944,0.8871921811379967
0.04551562127393172,0.8888815821258158
0.06556393481210099,0.8895065447515572
0.06591075122487644,0.890089583322753
0.0462105313525798,0.8903315152467185
0.061709882498459434,0.8920982335345653
0.08197795547143538,0.8922406454588883
0.06226606751375319,0.8932617274047423
0.046465609404509944,0.8938103735151414
0.06780614968360177,0.8948880797960236
0.08780737430345686,0.8951976750153459
0.1056008300945338,0.8962994148756915
0.06679274677833791,0.897435926487534
0.04551512774883648,0.8984390729388618
0.07789932297675373,0.8986336373747797
0.056383847926436026,0.8991448853445777
0.04570125369884592,0.8994364046301756
0.07460592300674296,0.9002850001610319
0.04567144300612247,0.9007168770266992
0.04884702928881979,0.9008148915519073
0.044968088649350535,0.9009129060771154
0.046406355649717734,0.9016967995768417
0.08276606537467945,0.9028365830362797
0.04826725849173885,0.9029345975614878
0.04620761080987057,0.9031281023218776
0.0455934323676741,0.9043385323870922
0.046049839224671985,0.9049619385121889
0.04556614908229151,0.9051076981549878
0.04764790711416689,0.9052534577977868
0.04739212997144415,0.9056319108594421
0.06087258835509779,0.905777670502241
0.06560532745092151,0.907356388422012
0.04599939518898566,0.9090245576101921
0.0861713221566458,0.9091225721354002
0.10415949586203799,0.9094569507706588
0.09772472373397523,0.9096707520355726
0.04631022687405262,0.9099083513846694
0.056993726070590944,0.9100063659098775
0.04571795238517318,0.9101998706702673
0.09567345973115271,0.9104916516077264
0.04567687397781506,0.9107964737064245
0.04586195856961395,0.9113336079412923
0.045688955911498796,0.9114448660623151
0.044103811038480156,0.9115743062438458
0.046988419604853116,0.9123584602117023
0.04565619656581843,0.912925734622776
0.09680925127661888,0.9136199337303884
0.05497104397724373,0.9150354333320254
0.04755807164542114,0.9151663225301404
0.07054039234774556,0.9162338961071068
0.04607256717843289,0.916386836421273
0.04708605083167838,0.916532596064072
0.0734114257062749,0.9168665747325154
0.0457059952324792,0.9170481223402113
0.057955395050767744,0.9174909004633813
0.06905252120777217,0.9184034949729227
0.09633927717181201,0.9185957485774532
0.0970949872105118,0.9198477729662746
0.09698120070814642,0.9199935326090736
0.06619802031811561,0.9201392922518725
0.06061462760306313,0.9202515901153854
0.06688967517425104,0.9203496046405935
0.09601873568823205,0.9210080628350029
0.06712021787665123,0.9211538224778019
0.047440755329465234,0.9221244684069881
0.047014447573790696,0.9222521051407548
0.06910127733220628,0.9228338675654603
0.1409070160223308,0.9229318820906683
0.14173140318802324,0.9233596368920548
0.054377653431458284,0.9237650919846385
0.07591500177121657,0.9242989421867827
0.09808467133567489,0.9247298497290376
0.07767328256041217,0.9248278642542457
0.06924914134829352,0.9250241318410382
0.04612715405530454,0.9253325561595588
0.0803247024731294,0.9259141144377456
0.06007150324070276,0.9260121289629537
0.0465450275806405,0.9271608369361255
0.04564228383413815,0.929672653838992
0.0443658348731254,0.9301712198430141
0.045970391011488476,0.9306766193570627
0.05913525483126203,0.9308223789998616
0.08720148365147029,0.9313210872731532
0.06056892454663798,0.9315293278683358
0.04554548717088458,0.9323391237844911
0.11227867684694592,0.9327984226211935
0.06029719388649579,0.9331122032904811
0.08053188292014346,0.9345071392180183
0.047820165529476544,0.9346528988608173
0.04599096361156729,0.9351985826533447
0.06670150132769093,0.9362545259681536
0.04640712586102702,0.9368425954041916
0.060306254831912987,0.9371319268730925
0.045903440997748235,0.9377500859094077
0.04557219274237423,0.938478048355935
0.04580142662500286,0.9387694711891567
0.04554548717088458,0.9391777742401047
0.06255294553893809,0.9393926028648579
0.04614278435285779,0.9395540961533172
0.05480519203074108,0.9400553782882285
0.060306254831912987,0.9402123778918965
0.05876902055968969,0.9405034243962399
0.04638064660293861,0.940601438921448
0.04561536937372779,0.9407167798440439
0.0447742523809892,0.9410404094229672
0.04610675228977579,0.9416365546231565
0.04555692553677815,0.9441282789215188
0.04573157567807684,0.9444334215000204
0.0474514119164865,0.9466323060039582
0.13103916058698417,0.9476627019424999
0.04806296642136465,0.9478084615852989
0.045669003313036916,0.9480999808708968
0.04557219274237423,0.9484406158491189
0.04562938144952022,0.9485863754919178
0.04594945342280343,0.9490776479240829
0.13421475883073142,0.9497650704761634
0.10815442362461136,0.9499113327137461
0.044394024516114516,0.950268448079192
0.08035140804461904,0.951973097285255
0.06603941143590542,0.952244575919793
0.063180302648431,0.9529595948030588
0.060873476780165414,0.9534431942315543
0.060306254831912987,0.9536492929214944
0.07385766460774323,0.9537995068710579
0.05884587709146427,0.9541362238359329
0.060798291329269394,0.9544687846967618
0.04670688890799857,0.9545667992219699
0.04595030516987686,0.9550437230538662
0.07160565929274887,0.9558377582304906
0.046225668544845,0.9564604893636779
0.04750434170456597,0.9571216316588569
0.06041457152176022,0.9574889255856008
0.045978345475437,0.9576518336899822
0.06569341761807457,0.9583507363543524
0.06661543876676579,0.9590508048052655
0.09838717310259748,0.959104059682378
0.04558402535891848,0.9595790714831887
0.0545634319785554,0.9599508970064287
0.1436274961022712,0.9604349156633287
0.06578006023252703,0.9611190952706778
0.06559064038359064,0.9618007619071719
0.061862307004380446,0.9627149888891262
0.0750670224929414,0.9648391720467108
0.06192345096396934,0.965574665788477
0.10122479525379435,0.9658827050609174
0.060557191217956996,0.9668595839380224
0.07509372806443104,0.9674173808742634
0.04439900413376474,0.9676232065076918
0.06062374045232577,0.968047111074575
0.04622980676526889,0.9686506354735024
0.06632068308585548,0.9688086798320581
0.04734395107329492,0.9693076395482575
0.044085109430435865,0.9700355560109178
0.04652313569482036,0.9706353986455959
0.045656141082889956,0.9716149878226759
0.08602725780043496,0.9717640893364186
0.10928819621092911,0.9719557570292321
0.06572886203527606,0.9724012452126948
0.0543947215061934,0.9730561143654558
0.153289894485942,0.9731541288906639
0.10461242885082578,0.9738569422968691
0.04575274826817566,0.973959170461659
0.04597017373321044,0.9750183988798072
0.08396380747719734,0.9753799697818136
0.0460353940978363,0.9756273598780683
0.0474686577217297,0.9776695845002227
0.06128346132684359,0.9788485936198661
0.06752593114989724,0.9790741226803074
0.04723256646241536,0.9794757178630628
0.04557219274237423,0.9796214775058617
0.045823059614503836,0.9799344559496659
0.06691157732715847,0.9804753089835434
0.07497518269724901,0.9807067939410605
0.06009464798736153,0.9808681443074038
0.08381220146085422,0.9811139262858514
0.04582402496156068,0.9814589611024256
0.04776646472719315,0.9822744875772838
0.1105844151298615,0.9835094176597389
0.04626028608444688,0.9836551773025378
0.07010147787173338,0.9844668514063252
0.060664018711494405,0.9853776082729933
0.0609472398286961,0.9861376473410857
0.04636774703259405,0.9862871189093334
0.06289271656809048,0.9865498677166558
0.06813025299068687,0.9872091290298775
0.046210239701693245,0.9880188093935681
0.08173765068404504,0.9886197709931128
0.04593628863045829,0.9890290160163433
0.06038004390609075,0.9891845859739926
0.060478720046201584,0.9894761052595905
0.04544839601850825,0.9897880657318592
0.04559374353249912,0.9899338253746581
0.06611688208027044,0.990052519676089
0.08146134832039664,0.9904347810184663
0.04433869784416955,0.9909004177700367
0.11108405854964365,0.9914856229189792
0.07759251514803556,0.9917451535316489
0.045697580762883216,0.9920366728172468
0.04584229165935583,0.9921824324600458
0.045933716202180674,0.9923281921028447
0.04600315407819555,0.9924739517456437
0.06425630770616109,0.9927890450682448
0.04668758192190514,0.9944342015016803
0.09357031494187773,0.9945322160268883
0.045595683067144344,0.9946302305520964
0.048753777480865845,0.9956241823888426
0.04691358992287109,0.9959213583249761
0.047519724307751754,0.9967460433547513
0.07810527872738249,0.996859144944635
0.05672680837481037,0.9975874941845685
0.07608949360823425,0.9977610606088726
0.06277138466349941,0.9981590614007592
0.11511565505040455,0.9995371743683312
